Date,var0,var1,var2
0.0,0.023473004566512835,0.9390408147081757,-0.7703324622542971
0.01001001001001001,1.0224861218212962,-1.6575179583879869,1.1063338090023858
0.02002002002002002,0.6151792176228416,-0.482216096411994,0.8091468264698801
0.03003003003003003,-0.9983596865122983,-0.046754194583923755,-2.2491906293506374
0.04004004004004004,-0.9854697607574483,-0.5122938271993072,-0.8816913860138328
0.050050050050050046,-1.1411215365466036,-1.1914294511483348,0.6815815678641014
0.06006006006006006,1.3666286992069678,-0.18371202188901425,-0.02826512121159771
0.07007007007007007,-1.1192694985437883,-1.4951639481883787,-0.8047491037935255
0.08008008008008008,-0.5778320257169715,0.7740369757646515,-0.35533857873763464
0.09009009009009009,-0.18684751396953875,1.1816493898782696,1.1218422505612848
0.10010010010010009,0.6168267883571741,-0.807888737752672,0.0774891289850124
0.11011011011011011,0.45531012801573906,1.0065616855461683,0.8192874967420944
0.12012012012012012,-0.8265549369377823,-0.2758513306427139,-1.031287936632702
0.13013013013013014,1.6176737654044746,1.0781125513128529,-0.6205870118679163
0.14014014014014015,0.9728388802962812,-0.5177964197421746,0.21429360225377891
0.15015015015015015,1.1097357314623626,-0.25402222094563404,-0.29084382075812787
0.16016016016016016,0.8920635159796652,0.3073991168499373,-0.3154010169725143
0.17017017017017017,1.1060926969326506,1.6897787011968242,-1.141595763306546
0.18018018018018017,0.03636074152582484,-1.6882599233243567,-0.48551232025654495
0.19019019019019018,-1.2060514850952926,-0.05615449048968145,0.2454429658648037
0.20020020020020018,1.767373077907953,1.3292589884432529,-0.4052597815448977
0.21021021021021022,-0.035654052807206404,0.8374074440915618,-0.9236238596265621
0.22022022022022023,0.3461450577104788,0.18664894506847945,1.0221746621932517
0.23023023023023023,-1.2900344387453737,1.0409130315102064,-0.5886676221702151
0.24024024024024024,-0.24966944041431982,0.7867773971741776,0.028296824146113272
0.2502502502502503,-0.8345175253585745,0.36653184877947587,1.436727683482986
0.2602602602602603,0.06789896295389586,-0.44991431225925427,-0.4898410416719294
0.2702702702702703,0.8476213833987484,1.5823617280702273,1.4947932680268823
0.2802802802802803,-0.00040499786167517114,-0.3452409993327515,-0.7786822938133294
0.2902902902902903,0.7936743389110734,0.4056812166462933,-0.5531990383183577
0.3003003003003003,0.08650668323699949,0.1423513808536933,0.4363669960635357
0.3103103103103103,0.7227915183925149,0.48310026222566815,0.679200944488808
0.3203203203203203,0.11715243282299989,0.6182027539908382,0.8402875418377259
0.3303303303303303,0.6859619360258045,0.13872137407735452,0.47555067112310495
0.34034034034034033,-0.8230301278634718,-0.9802551839976104,0.48128685408478905
0.35035035035035034,0.32320234861590447,-1.1264141260352034,-0.7955236770779873
0.36036036036036034,0.016494427523350834,-0.48820815802888806,0.4904000879455925
0.37037037037037035,-0.25236392536053065,-0.6641463881899372,1.5208678664482134
0.38038038038038036,1.2849531220493344,-0.09890383544087611,0.08522742917625759
0.39039039039039036,0.8462227079576169,-1.419515804916743,0.255908830708524
0.40040040040040037,-1.1573775976597902,0.5694636615608449,0.5431914980493968
0.41041041041041043,0.2981633472100019,-0.24511468319361293,0.12442504673906192
0.42042042042042044,0.4251362979559207,-0.2185482867737969,0.07163774189100422
0.43043043043043044,0.035312568889566937,0.32885026866574846,-1.2928467429739043
0.44044044044044045,0.4120929169747941,0.9383733421037612,-0.9442896387924729
0.45045045045045046,-0.5428384092295379,0.4305723957806287,0.32356393358280744
0.46046046046046046,0.8279835900067122,-0.8013194612554124,0.9553444929997261
0.47047047047047047,-0.14613357532567828,-1.137305361518924,-1.3580754044645564
0.4804804804804805,0.998311398790744,-0.9379252137441196,-0.17555823212164973
0.4904904904904905,0.5154298238105042,-1.0477610416814607,-0.053592809692270135
0.5005005005005005,0.8215574320229195,-0.01933723335305565,0.003927605207413568
0.5105105105105106,0.994768495449196,-0.8371930799937058,0.5639079278905026
0.5205205205205206,0.08936960791499671,-0.5132112632480477,1.5129899774339979
0.5305305305305306,0.17089468291437981,-0.2458457613880662,0.3958072898767974
0.5405405405405406,0.529399523015834,-0.5053381602359428,-0.38570615486121845
0.5505505505505506,0.44753730937204145,-0.7010934896455991,0.94788866850028
0.5605605605605606,0.9978202554756656,0.6150881174200395,-1.2419161349905312
0.5705705705705706,-0.6546025536762301,-1.2698798406050529,0.31947652281037003
0.5805805805805806,-0.7134688739036693,-1.4476757227174142,-0.7503204483229166
0.5905905905905906,-0.4231036427290677,0.5048442200913703,-0.32151757550561966
0.6006006006006006,-0.9774386057899489,1.0556815960345158,-1.1194785514929222
0.6106106106106106,-0.7218660654250911,-0.6953204962668881,1.199744660764161
0.6206206206206206,-0.3846529520000261,0.430750653619529,1.1939082435457486
0.6306306306306306,-0.3117216423599234,0.4032676069638903,-0.2238942915396381
0.6406406406406406,-0.15413336838051417,0.04426634660935439,-0.6365847894940305
0.6506506506506506,-0.6877050999238624,0.7079680001685006,-0.020000977712655608
0.6606606606606606,-0.14326409890062344,0.9972807672204935,-1.67196709988673
0.6706706706706707,0.6267083254113667,0.5219093814367939,-1.1493851582784171
0.6806806806806807,-0.6033673586708739,-0.29820906806882086,-1.6142269265093667
0.6906906906906907,-0.0702318096216815,-1.130396329785418,-0.8336821403639549
0.7007007007007007,-0.16332352147157136,-0.4685394020693712,0.2950778854568656
0.7107107107107107,-0.6828028959107397,-0.01902401599841272,1.3130168144589245
0.7207207207207207,0.9073254363373315,0.13936748856899223,0.7531550845257045
0.7307307307307307,-0.013587285732373739,1.6359825985256569,-0.05689680402749741
0.7407407407407407,-1.3800812767627815,0.7866218261628678,0.10087254018442038
0.7507507507507507,0.5779786175182059,0.6444052687956295,-0.6352524989111348
0.7607607607607607,1.0425262924219023,-0.5717920125817431,0.339786995385996
0.7707707707707707,0.31984087773994146,0.4552944689911511,0.26878041526718144
0.7807807807807807,0.15681439036459693,-0.7644564316239035,0.5195887483079528
0.7907907907907907,0.7283023202196788,-1.531061783116202,0.1521320899143383
0.8008008008008007,-0.49182395077801055,0.06098319261378103,-0.1821794143903061
0.8108108108108109,-0.9268982497092257,0.8568602656056494,-1.409312659929847
0.8208208208208209,-1.332701679333909,0.3003977424222342,-0.6841851482234829
0.8308308308308309,0.6920872320658744,0.9186874715477479,1.4786921183770334
0.8408408408408409,-0.5290535742171771,-1.6002922257459364,1.0065793724900902
0.8508508508508509,-0.3927520271374852,-0.07544214634351794,0.067278138478394
0.8608608608608609,0.38773968747011317,0.5085560462741712,-0.4734884589340875
0.8708708708708709,0.7477349070302516,-0.8980250187099579,-0.9375717450541381
0.8808808808808809,-0.4081360860675882,-0.5786357741426704,0.07510651061785982
0.8908908908908909,0.0,-1.217057231921472,-0.5474711405849431
0.9009009009009009,1.6602802949999358,-0.6917514465117269,-0.9525182088228135
0.9109109109109109,0.03925737465415603,1.0551275776904194,-0.06430167540717457
0.9209209209209209,-0.6927740943504097,0.36593889248249856,-0.3636044876616085
0.9309309309309309,0.9182024685250253,1.174070886001799,-0.14032753720291286
0.9409409409409409,0.026913238901483998,-0.1864939732507415,0.011987551214999097
0.950950950950951,0.4289613683943987,-0.49993943266569774,0.5384256716079193
0.960960960960961,-0.5662397667872726,0.23141640707041966,1.6172541105366955
0.970970970970971,0.48391494677190827,-0.46144350769792386,-0.9079363300071694
0.980980980980981,-0.12282745105541612,0.7727136429407411,-0.0013140726154205022
0.990990990990991,-0.2978799462441641,-1.011534104066267,0.44907118061394613
1.001001001001001,-0.19467655968841674,0.672462490190817,0.7322022860524029
1.011011011011011,-1.0129455179781304,-0.047494859505359206,1.1907328708236837
1.021021021021021,1.0946758130994165,-0.5079519623506663,0.42314050412668086
1.031031031031031,0.16306417876479076,0.18411545434951285,1.4672307021462858
1.0410410410410411,0.015022273461735954,0.9989576531401716,-0.7531810212058979
1.0510510510510511,1.81381083962626,-1.1681105625457295,-0.8047362318634234
1.0610610610610611,-0.08333864561976423,-0.13546544391393056,0.7883819904230712
1.0710710710710711,0.04561675668543223,0.12866856469809687,-0.7850456836033622
1.0810810810810811,1.2215113571936151,-0.4092520889743141,-0.16031582608941186
1.0910910910910911,-0.011352885304429818,-1.653502567079294,-0.7960091889782214
1.1011011011011012,-0.3114999673214218,1.0731767091100086,-0.4527083493372258
1.1111111111111112,0.5505527119236214,0.06411887651945354,-1.5084769580057988
1.1211211211211212,-1.2742395356827496,-0.2344885673748852,-1.54817933565827
1.1311311311311312,0.33165864281121527,-0.7874759790227076,-0.907134485970419
1.1411411411411412,1.293477496955454,0.3306531190663526,0.9631227465206972
1.1511511511511512,-1.1239666968954063,-0.5744390525475542,-1.8621368683899204
1.1611611611611612,0.28335805874606684,-0.6550694147161656,-0.54610612072489
1.1711711711711712,-0.5865074185102863,0.8088557484861415,-0.8566197803971638
1.1811811811811812,-0.3005743950861441,0.5040753842683261,-0.6295376575899981
1.1911911911911912,-0.8488234818102435,-0.13519818986211637,-1.1127115646199996
1.2012012012012012,-0.3888381679578966,-0.7008746270529835,0.03675455468398489
1.2112112112112112,0.736293610137944,-0.11070706158464504,0.6770174252839625
1.2212212212212212,0.9411577779294076,-0.30476660150335244,-1.0327595688773517
1.2312312312312312,1.2297735702763275,0.8415008068080309,-0.714316334446608
1.2412412412412412,-0.008631589108161891,1.592994657267948,0.8452578698055547
1.2512512512512513,-1.6346084136786183,-0.8826092000411615,2.2352580743650923
1.2612612612612613,0.523745716275879,-0.794025479671892,1.0364774519340234
1.2712712712712713,-0.8561350518076256,-0.4776155980556257,-0.805206402533176
1.2812812812812813,-0.07875072148200252,-0.8411734691012034,0.943398654443821
1.2912912912912913,-0.04473971304561598,-2.033482488408476,0.1840256641169803
1.3013013013013013,0.47160385532113985,0.8445650796753319,-1.9192579563916363
1.3113113113113113,-1.2155400317483658,0.715625860902268,0.8207451594833748
1.3213213213213213,-0.2587047138470575,0.14435272818405265,0.5593954340161829
1.3313313313313313,0.11275233667362924,0.21014345404532606,-0.1255914006671991
1.3413413413413413,-0.08227824337742902,0.46712920199847774,0.24374903047536972
1.3513513513513513,-0.3263635993923825,-0.4834096437030291,0.8023956928972398
1.3613613613613613,0.9231555673702635,-0.71525201306746,0.16057993768370887
1.3713713713713713,-0.13378341673161875,-0.00849950198361063,-0.3430110794822161
1.3813813813813813,1.6763313499283066,1.2794667010841598,-0.6439187447094247
1.3913913913913913,-0.046091376636872586,0.6797727739815091,-0.06970715776558485
1.4014014014014013,0.635125453782709,0.5269626796192949,0.7409154755030428
1.4114114114114114,-0.8197693387944225,-0.46433838224201934,0.20094168977390497
1.4214214214214214,-0.988354301708152,-0.5623286731009438,-0.24976292126720323
1.4314314314314314,-0.2832809920460601,-0.40779697820531813,-1.4365523940746008
1.4414414414414414,-0.6108094422595655,-1.1186615886322884,-0.5774672572760395
1.4514514514514514,-1.128597379075784,-0.5227779494253922,-0.5300295430589371
1.4614614614614614,1.7038368728551465,0.7192345020989956,0.6713786743639367
1.4714714714714714,-0.08520720146152434,-1.5100446760258812,0.08240350801348881
1.4814814814814814,0.019591686130569504,-0.39996995117718154,0.0514920493364851
1.4914914914914914,-0.41707106060352794,0.3335223741874129,-0.984223413524688
1.5015015015015014,-0.9969584842147027,-0.6240577278438432,0.39959474526248207
1.5115115115115114,0.8412884592340057,-0.5436041634054098,-0.0560566574643328
1.5215215215215214,-0.44301278045918835,-1.1175897757713729,-0.3318798578358823
1.5315315315315314,0.2958136807149254,-0.785352179086402,1.3679355293537736
1.5415415415415414,-0.14438901945636645,1.6536066530109756,0.5168798386466491
1.5515515515515514,-0.9719835658200763,1.0648549615233858,0.2185499732348492
1.5615615615615615,0.40988536005738363,0.23237392782157013,0.9724502570622426
1.5715715715715715,0.11279462610565576,-1.0903939445997823,0.9997705274829062
1.5815815815815815,-0.3276527459605343,-1.2628154036487238,0.11376833532882014
1.5915915915915915,-0.5987155855358979,1.1338686211236717,-0.8371892953986693
1.6016016016016015,1.4261638507564856,1.066571203710206,0.26390165537744165
1.6116116116116117,-0.4142203625806775,1.2028766346863216,-2.2327580938033784
1.6216216216216217,0.3748910587055734,0.33524616451079753,0.9814513228533605
1.6316316316316317,-0.3604052909017912,0.3131150435912914,0.590502112455517
1.6416416416416417,0.08542871857831022,-0.03593289812506514,-0.7227983987841149
1.6516516516516517,0.2895248285722799,0.16849479473090392,-0.07152395832479962
1.6616616616616617,0.005257868229990718,0.20595914374951851,-0.5789278442440753
1.6716716716716717,-0.08468990347944547,0.7267997787011162,-1.3658121980937734
1.6816816816816818,-0.2752615352678008,-0.331115043125873,0.14233795893637002
1.6916916916916918,-0.3349958037932269,-1.7862636902240598,1.1851305525658973
1.7017017017017018,-1.2659683859739463,-0.005284393603025624,-0.049362990092483565
1.7117117117117118,0.7220410676005068,-0.2930214433019732,-0.965463210763983
1.7217217217217218,-0.23184296064784782,0.7116733870024374,-0.27607829140560225
1.7317317317317318,0.33103394420159526,-0.4873449124740822,0.710312042318479
1.7417417417417418,-1.0189493046863054,-0.4363427913936926,0.06726929270755026
1.7517517517517518,0.15082831702088906,0.9235049609525516,-0.5452610273485579
1.7617617617617618,-0.8982833297117885,-0.40256857374657756,-0.07801069745334842
1.7717717717717718,1.281348322021841,0.08604121230913225,0.9884174910414136
1.7817817817817818,-0.02920889097192083,-0.9010049017304607,-0.20782303606076954
1.7917917917917918,0.9172191214194166,0.7967505582917417,-2.159667858542932
1.8018018018018018,-0.47337951702607434,-0.04484555986821122,0.0445752672948313
1.8118118118118118,0.3517671116424854,1.311891841173692,-0.7873127375187332
1.8218218218218218,-0.015456475472507128,-1.2460254581161407,0.3294859141702122
1.8318318318318318,-0.30695613016372775,0.6929098298262248,-0.37479264459429423
1.8418418418418419,-0.44646926378436236,-0.8949587524278457,-0.6884947875971257
1.8518518518518519,-0.4499005270799603,-0.8133246079581181,0.03266283813614422
1.8618618618618619,-0.5450112335244225,0.34691999487577363,0.5221990450601202
1.8718718718718719,0.9337343689347868,0.1739069026283032,-0.5381312036072742
1.8818818818818819,1.5556272596884286,0.25787812651839204,1.445969646994146
1.8918918918918919,-0.26008233221221466,-0.7510998557545349,-1.356909502154595
1.901901901901902,0.31654765376553956,-0.27536069129073837,0.102037917202194
1.911911911911912,-0.18447134590890035,-1.404231923668089,-0.5017476695654675
1.921921921921922,0.0937243512714443,-1.162484752550069,-1.758770191712557
1.931931931931932,1.054593062144265,-0.8219323068170423,0.6613026288385245
1.941941941941942,1.217954337159237,0.08014779563113264,0.35876841011932203
1.951951951951952,-0.4720461515410934,-0.028786501826037276,1.2054755080713735
1.961961961961962,0.18336413605762258,0.516698004331146,0.7372087987105278
1.971971971971972,-0.06951462289101788,1.4481359363260318,0.5312095044405107
1.981981981981982,0.2730881833260831,-0.6762241612793034,-0.5610646092177878
1.991991991991992,-1.2260872176533284,-0.08299384281484945,0.7646136705659218
2.002002002002002,1.0707071619571789,-0.11890779288875292,-0.2956283790664289
2.012012012012012,-0.8552299425276112,1.6239440576132662,-0.8569754478100527
2.022022022022022,0.3543972087141417,-0.5423017632943306,-0.8109799831968829
2.032032032032032,0.1155434785018757,0.09120775113972716,0.4790875195776119
2.042042042042042,-0.13405376688119083,-0.08979288052334056,-0.9397361044095816
2.052052052052052,0.25438689958562083,-0.574834535427684,0.6531399554600933
2.062062062062062,-0.02991835064809311,0.2656862728542608,0.035059827240329765
2.0720720720720722,0.41101455734945225,-0.31258971331832724,-0.6948871727127843
2.0820820820820822,-0.12951733884165983,-1.3429838794311626,0.20479369973981126
2.0920920920920922,0.579371789396739,-0.8789965439784122,-0.22111512267000538
2.1021021021021022,-1.1241370199119962,1.0468733138209163,0.02608662411381444
2.1121121121121122,0.3275814180665183,0.17275198725778537,0.8348751202248414
2.1221221221221223,0.5974541386308793,-0.6740934254984193,-0.8121072116157643
2.1321321321321323,-0.5480077830578538,0.7134698345300375,0.6424843363155603
2.1421421421421423,1.6695704327682588,-1.189761036593778,1.3220643337025186
2.1521521521521523,-0.5491289825696197,0.889216834503239,0.014678699905815027
2.1621621621621623,0.8615031536654435,1.00735182278331,0.027790552086128885
2.1721721721721723,0.608945310169909,-0.03498514843094909,0.4786831142252934
2.1821821821821823,1.0492716624346252,-0.05373954181312408,0.47386973708306607
2.1921921921921923,0.23434734525107148,0.6199931881479466,0.2728446887748771
2.2022022022022023,-0.4642450134307383,-0.06623458542343037,-0.9480148527295061
2.2122122122122123,-1.1216663892006515,-0.0812879834679526,-0.427844075309068
2.2222222222222223,0.009696773275159942,0.7599675081492251,0.19225236950116528
2.2322322322322323,0.9365733216315969,0.4563130396091723,-1.0529409862438974
2.2422422422422423,-0.6654748257247007,-1.6157936795205843,0.34727574013434703
2.2522522522522523,-0.9017749666397072,1.4336306442630964,-0.2602646975708282
2.2622622622622623,0.16767286151543093,0.06290892246320202,-0.5929012632662988
2.2722722722722724,0.6816903450441458,0.20622333747240437,0.6663736924175522
2.2822822822822824,-0.18199521223527065,0.25975302552909135,-0.15541604771264103
2.2922922922922924,-0.23143780747481538,0.7405420660662189,-1.4950559476425223
2.3023023023023024,-0.7912562932035568,1.8488771630725642,-0.04504463396703535
2.3123123123123124,0.28927000726877566,-0.2806642636339627,-0.7095001336022021
2.3223223223223224,1.4831451511341665,0.5140911005830733,-1.6805445325458022
2.3323323323323324,0.8326879356288632,-0.012123187123519938,-1.1496565197837527
2.3423423423423424,-1.0840445216682868,-0.7345925335350338,1.009202194829267
2.3523523523523524,-0.2941597195399205,0.06818670303240662,1.0560459752358167
2.3623623623623624,0.8537382600324509,-0.9800315343326835,-0.9449579886643161
2.3723723723723724,0.07756952491470519,-0.46041121955772735,1.2385354467319643
2.3823823823823824,-0.31289382656583625,1.5174018731461345,-1.058827752962147
2.3923923923923924,-0.37863408226548767,-0.009489666152863507,-0.6980218073053228
2.4024024024024024,0.13986501187130745,0.6065406785940287,-0.24398894010405048
2.4124124124124124,-0.7111175996895105,-1.4952725019386355,-0.8080824700670979
2.4224224224224224,-0.4692994223109637,0.8847822115245679,-0.25811455944762
2.4324324324324325,-0.6495945797517736,-0.5424423117059872,0.00872381119285455
2.4424424424424425,-0.04164419147595516,1.381830967681374,0.28448931485758305
2.4524524524524525,-1.0899428411097545,0.19789174464535098,-0.2612782575467722
2.4624624624624625,-0.7037493870915209,1.0005025396052873,0.6347843076467962
2.4724724724724725,-0.7937950767965123,-0.28115674739592844,-0.5917657825428465
2.4824824824824825,0.8396335668294874,0.49874079460605464,-0.1999452666617746
2.4924924924924925,-1.453804529182488,0.26459648766324,0.7739272348088194
2.5025025025025025,-1.3780491103202475,-1.0823855293955609,0.7504623524708567
2.5125125125125125,-0.6865832768022494,-0.6912795360584515,-0.9889246150714223
2.5225225225225225,0.7186820483697142,-0.43262157627861175,0.05822360998059125
2.5325325325325325,0.6912598663471332,-1.0325231267670891,0.46884249718709
2.5425425425425425,1.027095184431552,0.3573050462307425,-0.9473743640500684
2.5525525525525525,1.844743073777346,0.7377522639481795,-0.4384118070963242
2.5625625625625625,0.22726461851122975,0.27116611232285515,-0.014784292834964104
2.5725725725725725,-0.01346732716511714,0.04567369253527596,-0.5653416360770941
2.5825825825825826,-0.9000794508413719,-1.2836774820074965,1.2764801485737325
2.5925925925925926,-1.834885642610413,-0.1721183869904402,0.2332940694232386
2.6026026026026026,0.502009883017648,-0.4286326950642383,0.053186807538687236
2.6126126126126126,0.9007446732589367,0.20836365788620653,-0.30863689687086737
2.6226226226226226,0.6312335527012587,-1.0062775340795496,-1.8942171710051148
2.6326326326326326,0.9443139557279496,-0.2632304839936772,-0.5280573422250239
2.6426426426426426,-0.48306248349775244,-0.24739208680842026,0.5111283157832948
2.6526526526526526,-1.152479224623723,-0.6539736312459397,-0.3215350444306601
2.6626626626626626,1.101859689006388,0.5739997462072244,0.08850428525660167
2.6726726726726726,-0.01194346625768396,-0.6623612720420837,-0.30969029153227556
2.6826826826826826,0.4644937025565864,-0.5319035588943252,0.4226401823608995
2.6926926926926926,0.3589491704130384,0.6497398414140562,0.3353383483460995
2.7027027027027026,0.4888329035191913,-0.7140944815668578,1.1445269031115823
2.7127127127127126,1.3593387237812113,1.6853052240639124,-0.7947804925531143
2.7227227227227226,0.3656525597661772,-1.3410580620950323,0.6042550550245814
2.7327327327327327,-0.14538817053091538,-0.6505521146234172,0.13195651001867728
2.7427427427427427,-0.7528634818688483,-0.4101799036435538,0.08222631294822076
2.7527527527527527,-1.0413417341184987,0.14410334223534121,0.8254730743495432
2.7627627627627627,0.11024311891210661,0.6706508920103808,0.636214857817774
2.7727727727727727,0.6611445160233781,-0.7070564719174174,0.41237318692509517
2.7827827827827827,-1.9820755676390218,-1.3098759336990426,0.1850610621743837
2.7927927927927927,0.46503194824881133,-0.7961659118254106,-0.5549122053747884
2.8028028028028027,0.5223203346647892,-0.1476998299197576,-0.4024164737650639
2.8128128128128127,-0.7410280871920936,1.295703386457353,0.6907981589195358
2.8228228228228227,-0.4970180783270463,0.449849894343915,-1.140966002264271
2.8328328328328327,0.37366940608290783,-0.0840360582642964,-0.1866132622521791
2.8428428428428427,-1.2113348732515044,-0.6920009753354852,-1.174261880857462
2.8528528528528527,-1.2607538085502807,0.046651273522338776,0.14419741505640715
2.8628628628628627,0.03301392754016136,-0.5323789383508762,0.7226370347538189
2.8728728728728727,0.46520166820719444,0.5351814486410211,-1.7623774232498228
2.8828828828828827,-0.0004566967545185027,-1.1350603425538557,-0.3539083073320731
2.8928928928928928,-1.063377139108189,1.372710413171902,-0.02360778086883599
2.9029029029029028,0.2896418883637531,0.646989668643293,0.8971672169306549
2.9129129129129128,0.5361468568160681,-1.0462690613781604,1.4431351445093177
2.9229229229229228,0.5599161535843816,-0.3757137562517942,-0.08678289964499938
2.932932932932933,2.6934368522655188,-1.2299056452581512,0.4133254952799119
2.942942942942943,1.2960833814664647,0.8218571254704117,-0.9330863635411423
2.952952952952953,0.3834858975695682,1.152723139579346,0.6110927492126671
2.962962962962963,-0.6423434012872412,0.8611250138612123,-1.3058133645891847
2.972972972972973,0.5766188616541079,0.9319592527294653,-0.35110492338012633
2.982982982982983,-0.37545051600944884,0.5752738103665829,0.523153990201932
2.992992992992993,-0.16761667157124413,-0.287571692279663,0.22716124196325807
3.003003003003003,0.3099089255222847,-0.35749871823240603,-1.2203393386223322
3.013013013013013,0.16812139777197677,0.15461696748441095,-0.7991172156298391
3.023023023023023,0.24201099858385092,-1.620455157404198,0.09085531542742398
3.033033033033033,0.35234618861365125,-0.9682304135204046,0.903295180543103
3.043043043043043,1.1673551240371836,1.076118683822515,-0.8719954410207187
3.053053053053053,-0.02478903291789355,-0.05981521782578858,-1.2764297245352199
3.063063063063063,-0.7112532635402518,-0.39302509457597795,0.9122695579876191
3.073073073073073,0.25805031270819095,-0.003564911510331786,0.4982810834549039
3.083083083083083,0.8017461183729,-0.3246548111372936,-0.17534148197387853
3.093093093093093,-0.012991098360519367,-1.2469407700772597,-0.21105821923465468
3.103103103103103,-0.8831917587731306,-0.6012540034493307,0.31748829882534224
3.113113113113113,0.674741764885357,-0.0681539886060674,0.19137893743788958
3.123123123123123,0.9001206212139825,0.6145870150565093,0.9494718280555036
3.133133133133133,-0.030899345137616364,0.8558699025616539,1.0053276552539072
3.143143143143143,-0.9007534013702323,-1.0899780163880863,0.1369348772071639
3.153153153153153,0.271928919004122,-0.31997197294163654,0.2059626584540759
3.163163163163163,0.47512023978000834,-0.47441842576294896,1.2155173045294794
3.173173173173173,0.09589780377672688,0.5816480200769443,-0.05728424045486473
3.183183183183183,-1.5322871499073372,-0.04000383164855013,0.2467804898541045
3.193193193193193,-0.06703870467648707,0.19504866692766704,-1.5184902253942296
3.203203203203203,-0.24298740571522992,-0.690802619757111,-0.37726431108183345
3.2132132132132134,0.7557592011042868,-1.579736573062416,-1.310149615132062
3.2232232232232234,-1.116903261258834,-0.33700899386791583,-0.14894968809698778
3.2332332332332334,-0.6511095160844415,1.174627189020994,0.03252200146667614
3.2432432432432434,0.7711325542886246,-2.1070738861517326,0.311003710732085
3.2532532532532534,-0.7127914781876482,-0.2999709508202112,-0.45132816400681997
3.2632632632632634,1.0872508249906987,-0.2465362388877664,-0.0005789522645384682
3.2732732732732734,-0.8083233356881028,0.3969512051207974,0.48257321319217966
3.2832832832832834,-0.7025817596790894,0.6149218325444656,-0.4086845896507199
3.2932932932932935,-1.0260444592222313,0.5730664410849318,-1.2378112330164441
3.3033033033033035,-0.255592731236483,-0.2145366027320998,0.8872591427503076
3.3133133133133135,0.04619903123463326,1.4867759815794486,1.0191691939696983
3.3233233233233235,-1.0123041567775986,-1.3248630846096656,-0.14151701674206893
3.3333333333333335,-0.4884164578667658,0.24292738089408936,1.4230463154354303
3.3433433433433435,0.11417794645924464,0.5576646573233245,0.091809917732155
3.3533533533533535,-0.37023741384404235,-0.8868231685353244,-2.022489023961573
3.3633633633633635,0.1488365083688882,0.2958876384013818,0.08878676315336462
3.3733733733733735,-0.9656316674725212,-1.2050060498813702,1.0360978585487677
3.3833833833833835,0.3259715730691708,0.7102496588578127,0.2017096122065271
3.3933933933933935,-0.7121090101551063,0.3026932801537521,1.4287924594388355
3.4034034034034035,-0.8605636553948177,1.4645882827786012,-0.6434861653838704
3.4134134134134135,-0.14440444703250552,0.2031649959818462,0.5327044742834839
3.4234234234234235,-1.1087145470664517,0.31986737080378574,0.6466767245411014
3.4334334334334335,0.8195383584428524,0.16357554759162432,-0.8852023902628274
3.4434434434434436,-1.3744941530134143,-0.22188462942043924,-1.310046612273115
3.4534534534534536,-0.26235306623661936,-0.530880885213057,-1.0205602676498569
3.4634634634634636,-0.3292343685125187,0.15120478290945905,1.6514678854710723
3.4734734734734736,0.11112284707694464,0.9019488400836062,0.35731157503436317
3.4834834834834836,0.7445403703114396,-0.04592280307930941,-0.5284581733849566
3.4934934934934936,0.15625942147607425,-0.2718334415477968,0.016114921813488593
3.5035035035035036,0.007314500155393743,-0.31174911973127806,-0.491442380514593
3.5135135135135136,0.9169764795472588,0.7754107060109626,1.4333112411992734
3.5235235235235236,1.391968900614027,1.3115374948204797,0.19405334276984093
3.5335335335335336,-0.06535685485388705,-0.18533396605622665,0.6335028521580708
3.5435435435435436,-0.2807159451805933,0.03705073651859914,-0.014059755195595103
3.5535535535535536,0.1795182188512604,0.2868113369614867,0.7224660755898652
3.5635635635635636,-0.27053007657749406,1.514178658730614,-0.6246588232291052
3.5735735735735736,-1.4043169869413454,0.2736580160295882,0.01478740272015193
3.5835835835835836,-1.5648886558222443,-0.5341945072268108,-0.9749795757953983
3.5935935935935936,-0.6983163073004783,-0.9643314292040901,-0.5524157248953464
3.6036036036036037,-0.9071161350470001,0.0027819656624740036,0.7317409480489669
3.6136136136136137,0.642331501421937,-1.7219553783144312,-0.2366961692834555
3.6236236236236237,0.06285160067586812,0.6037558934465487,0.5280862076102122
3.6336336336336337,-0.8302860939735933,-0.23145763298354932,-0.2811311339682624
3.6436436436436437,1.3095831149370623,1.2275003094447123,0.4699431566108544
3.6536536536536537,1.1366530025838926,-1.055510590240268,1.1127169869831302
3.6636636636636637,0.020277480975291917,-0.15979081221440125,-0.8940033130321402
3.6736736736736737,0.9098959114066596,-0.37215101055793154,1.5781624798207947
3.6836836836836837,1.010120697163051,-0.03249515167207198,0.2010014944483969
3.6936936936936937,1.3851541397621785,-0.5279470412457488,0.5031186545269959
3.7037037037037037,-0.2611202027305375,0.041648998103378604,-0.6362462227053791
3.7137137137137137,1.2858121931009852,-0.34808887962538826,-0.02879860997933099
3.7237237237237237,-0.5110936093862208,0.876555692550385,1.6605866012464134
3.7337337337337337,0.07749149136364984,0.757841680273363,-1.0663175030698766
3.7437437437437437,-0.3981303012524411,-0.6469176309109901,0.9789910281287045
3.7537537537537538,0.07784279359598825,-0.01271927502407692,-0.2701605059510139
3.7637637637637638,0.8263687784576164,0.6624755009466576,1.9393912472342394
3.7737737737737738,0.40083595176354875,-1.3667204643869413,-0.9937078553621719
3.7837837837837838,-0.20972688533210182,-1.1946788247618945,-0.05307924100665675
3.793793793793794,-0.6439084750535486,0.8781546073404891,-0.11891991606873677
3.803803803803804,-0.16143938438518465,0.6237209006561664,0.43767619637496497
3.813813813813814,0.9123240899326577,0.5596670804009793,1.2726098416110727
3.823823823823824,1.271816658912121,-0.13750750526985644,-0.4721163897882855
3.833833833833834,-0.6390594342839185,-0.35667800135586847,-1.181443491506591
3.843843843843844,0.21312566404066927,-0.8435079687171471,1.3972598545042278
3.853853853853854,-0.7940684164310047,0.5728097373130491,0.08584728857778415
3.863863863863864,0.7813936485983474,0.3724898069396376,1.018330344939465
3.873873873873874,0.4891814021076293,0.1790748282367637,0.6278842747187842
3.883883883883884,1.0031537180338392,1.3888036012363973,-1.871423845895656
3.893893893893894,-0.5058356842424913,-0.18398442554839828,-0.9141627663112889
3.903903903903904,0.22441412476953745,-0.7148131278660254,-0.17875538711197064
3.913913913913914,-0.4372134437239004,-0.5309972989877105,0.0738248681561843
3.923923923923924,-1.0452849619647793,0.4663318665265374,0.7127908297499279
3.933933933933934,-0.11922696216715538,0.7331112668043839,-0.8284253718443564
3.943943943943944,0.886363469638949,-0.7908730589888364,0.05304107094912648
3.953953953953954,-0.8795127474809652,-0.8571220981746339,0.8035128990025372
3.963963963963964,-1.0010555716533653,-0.6671456899367304,0.11300726030383328
3.973973973973974,-0.05338451987281576,-0.12542675304358553,-0.6523695452828114
3.983983983983984,0.428374643452187,-0.17209805941855044,-0.011457675491781432
3.993993993993994,0.19580007711945452,-0.5194847766582128,1.1903914435858438
4.004004004004004,-0.2716042686769491,-0.7068318489692377,0.632203475178593
4.014014014014014,0.7786566932666625,-0.49663664575478805,0.8370207572788292
4.024024024024024,-0.5979330422257916,-0.12723432826808181,-0.3038316156485675
4.034034034034034,-0.3894327247683204,1.4929168840505287,-1.0214577554423214
4.044044044044044,-0.7278874630133674,0.7459665615691462,-0.015004643946392547
4.054054054054054,0.27500628738909066,-1.5135075235659354,0.31898420679775197
4.064064064064064,0.4270676609844321,0.49806914445210143,-0.031062390310166058
4.074074074074074,-0.30255588368485375,-0.5608800704253238,0.7178572168278932
4.084084084084084,-0.9892834665013329,-0.8746895051338954,-0.5087270465670615
4.094094094094094,-0.13551834308032568,1.282512034683761,0.9399030432332296
4.104104104104104,-2.416016216292154,0.3413852945406111,-0.38379670556898854
4.114114114114114,0.5415306765137489,0.20701058341041478,-1.0188585662183551
4.124124124124124,-0.5747217884315213,1.1620818527458803,-0.21405612168373944
4.134134134134134,-0.5944183133400014,0.10079463470913075,0.8731557625882714
4.1441441441441444,-0.6982012916246694,0.05987439576121131,0.731714588858098
4.1541541541541545,-0.733703760101708,-0.7985214227069167,1.052485857025386
4.1641641641641645,0.29860398406966576,-0.17998996220041988,-0.2502000296571021
4.1741741741741745,-1.0530892100296856,-0.07049179318762491,-0.48428748885715256
4.1841841841841845,-0.7436308100689132,0.2270844577191182,0.6967718901628414
4.1941941941941945,1.2505350821507375,-0.827896985713432,-1.433001978511083
4.2042042042042045,-0.7328203270082816,-1.5398752930545696,-0.7915642895165034
4.2142142142142145,1.0661215677900155,0.8569639271164415,-0.36573817933447555
4.2242242242242245,0.9949331219729864,1.0101490508389903,-1.277466358980501
4.2342342342342345,0.1061454035207737,-0.20011080373063073,-0.14032319643094587
4.2442442442442445,-0.4979012787905865,0.4930871015508018,1.6468270489031158
4.2542542542542545,0.9154178004698884,0.9667079463281785,0.4641520523101623
4.2642642642642645,-0.1557107024446351,0.27233917274671937,-0.2250429296568068
4.2742742742742745,0.062074807722849026,-0.15258607902754062,0.5020938019554749
4.2842842842842845,0.41016106203199626,-0.30661223823572054,0.36569652649223905
4.2942942942942945,-0.9429227650483274,0.45091423849284085,0.7042285786797987
4.3043043043043046,-1.2359333172122786,0.09596785952844851,0.25193996265062857
4.314314314314315,1.017556970070477,0.8521217724980478,-0.8408676768617378
4.324324324324325,1.294749722683453,-0.47730735662598933,-0.5120826533381319
4.334334334334335,-1.3764471085973125,1.1003562442998893,0.008021437808719181
4.344344344344345,0.782862689080896,-0.20933537433569543,-1.251779087201812
4.354354354354355,0.23871855634771544,-0.4156120776591913,0.45031444529401493
4.364364364364365,0.11407254677303243,0.9348439227930964,-0.016890374996276103
4.374374374374375,-0.3667291996346172,-0.5003894610836589,0.33796760559361516
4.384384384384385,-0.6361632956901567,-0.2649906689518905,-0.06872120520156905
4.394394394394395,0.36354184335235057,0.1121377003818848,0.08175818403174084
4.404404404404405,-0.08356057988085383,1.1231955988939737,0.5141117944395691
4.414414414414415,0.8203658886699271,0.12400538280019953,0.4269634890767765
4.424424424424425,0.03680597013697326,0.08442326218125729,-0.08994636490283114
4.434434434434435,1.0359854506723734,-0.31919149383334955,0.4355264804441092
4.444444444444445,-0.9438543490479557,0.5836212953978194,0.45877251234729044
4.454454454454455,0.46258735953960206,-0.5936494312825539,-0.6996324396652044
4.464464464464465,-0.28502883248764205,1.4603773497525376,1.275123193043099
4.474474474474475,-0.7809979887673195,-0.3085079743981399,1.367889296959428
4.484484484484485,0.8769180341779733,-0.7110328592702153,1.6302787914557375
4.494494494494495,-0.6793912337709338,0.8935526629355783,0.8769777397531563
4.504504504504505,-0.43347846715305,1.2769429612280458,-0.6649263545816965
4.514514514514515,-2.001057435516474,1.2249361448987384,-0.9941469310862734
4.524524524524525,0.7240554973901797,-0.08853648731056964,1.6005486815772483
4.534534534534535,-0.5883935257916115,-0.3067175480486066,-0.637605463984912
4.544544544544545,0.5547394137859704,0.6409693875999627,0.4329699991852776
4.554554554554555,-0.6193852678260878,0.621296665999347,-1.2432055264708002
4.564564564564565,0.7237494900968008,0.5120631675619792,-0.014872990413303701
4.574574574574575,0.548883418123398,0.571343029795209,-0.5640458051129054
4.584584584584585,0.23624265118259086,-1.3033863906969645,0.09733414025010428
4.594594594594595,1.2632896523527064,0.5813064526589932,0.3514987342971338
4.604604604604605,-0.1895461870801708,-1.0592275455325066,1.3764064224615278
4.614614614614615,0.9367546873687873,0.6230177840489787,-1.1451983709570726
4.624624624624625,-1.192165250162081,-1.4611865388415544,-0.6062343186966737
4.634634634634635,0.04406549038824354,0.5438875033819793,0.17427629752403007
4.644644644644645,-1.0898901474940912,-1.16608668397125,0.22004269462816128
4.654654654654655,-0.16523145773566236,-0.7052323299922938,0.7800600471495771
4.664664664664665,1.0776317224836676,0.8564401012410219,1.0237083011466501
4.674674674674675,-0.2921592943290202,0.7907181488203707,0.5753299684910282
4.684684684684685,1.5921716120537253,-1.0631678958043977,0.9976948530092433
4.694694694694695,-1.1691353038000203,0.5746750725092685,-1.268397950428421
4.704704704704705,0.657151944035135,-0.4933776785161923,-1.323150212290154
4.714714714714715,0.5598564877441516,-0.01030537150485639,-1.088130150863254
4.724724724724725,0.2512897404304771,-1.3012233180312929,-0.9212827640752628
4.734734734734735,0.48702658734980586,0.3614502939017189,-0.7023180592295292
4.744744744744745,0.902667551630971,0.35952768732499185,-1.173229324542346
4.754754754754755,-1.4379146052859137,-1.2172913738569946,1.436944716310646
4.764764764764765,-0.43436612381880807,-0.6039322018486378,-0.2929348724250107
4.774774774774775,0.8877748181646764,0.6223739845951666,-0.8966417560482675
4.784784784784785,0.8741133958899184,0.6729815127929641,1.0660924616122338
4.794794794794795,-0.1353485878758908,0.4408016658987027,-0.8844321914167097
4.804804804804805,1.6578196251201105,-0.4075784788477509,-0.7642924315127965
4.814814814814815,1.0244655986060687,-0.4712317770326735,-0.6707010953594832
4.824824824824825,0.4479229104577129,-0.6829504970093797,-0.5959777066327552
4.834834834834835,0.18327749506232116,1.3549891203606053,1.4403424748082232
4.844844844844845,-0.6260400839444166,-0.24187932828639258,-1.129529044066872
4.854854854854855,-0.44839811742293945,1.744452993379204,-0.5932955854252333
4.864864864864865,0.4216041953757092,0.6488887181593399,0.8384498248367286
4.874874874874875,0.037462894862431685,1.06799982387898,-0.41777376646411185
4.884884884884885,0.6596537289251789,1.366872581064135,-1.1956525498896362
4.894894894894895,0.0026252390030284296,-0.3126550546128911,-0.1990408608360448
4.904904904904905,-0.4505900343332724,0.4995392655996766,-0.5466679372699792
4.914914914914915,0.3061638897230641,-0.20659305561090452,-0.1478512063068272
4.924924924924925,-0.8826507059013595,0.951867586414239,3.584238012246856e-05
4.934934934934935,-1.1113611936639871,0.26289698060328043,-0.09667754661979161
4.944944944944945,-0.9659476715788947,-1.4949570917718835,1.0705917181699398
4.954954954954955,-0.24088120753526918,-0.6379512612671361,-0.6807060621960612
4.964964964964965,-0.9570549014111229,-1.2551779219608303,-0.7176390952583666
4.974974974974975,0.4481505250307377,1.4142808277351018,1.17636914334687
4.984984984984985,0.08739120395540809,0.14008088196966084,-1.1851380439717967
4.994994994994995,1.2733458746716664,1.2683200759806972,-0.5367237356227927
5.005005005005005,0.21596853284444,-0.5372718282603359,-0.005794707337194248
5.015015015015015,-1.480599468342579,-0.48884550472057536,-2.110700562139728
5.025025025025025,0.8235681934394214,-1.1210837881527542,0.4029514821217094
5.035035035035035,0.02536251296810135,0.15160986516509212,1.1598127657058648
5.045045045045045,0.03442650892515531,-0.45016496628956815,-0.2295902550313606
5.055055055055055,1.1161699238991865,-0.2158885725560304,-1.0689006869884101
5.065065065065065,0.10532213785577738,0.8082856992198236,0.6702279980459742
5.075075075075075,0.17282640528835022,-0.718966295072152,0.18933902888145474
5.085085085085085,0.7976967913936654,1.3406685205874982,0.16523109663287533
5.095095095095095,-1.3820424669639875,-0.004343448012695494,0.02140790885397113
5.105105105105105,0.6583083485242631,1.0603483454413785,-0.6929151056946982
5.115115115115115,-1.2618116120332277,0.0871028226335104,-0.02022884043693411
5.125125125125125,-0.8805083388996472,-0.6864851051039401,-0.2801657507696482
5.135135135135135,0.6068666894175457,-0.7875217650043854,-0.19809714359588984
5.145145145145145,-0.5568027847134941,0.03157724482332244,0.11861913831557208
5.155155155155155,-0.44306267863407994,0.0035252707236567912,0.16691123978368974
5.165165165165165,0.23816216496203488,0.19746395068041503,0.1377180024952723
5.175175175175175,-0.006836526006275116,0.25755869546310156,0.8699284631449773
5.185185185185185,0.30018607438983524,-0.4298477197052545,0.9663297755654976
5.195195195195195,0.8814025893110102,0.4816177304899631,0.6351866960215788
5.205205205205205,-0.3034423124111465,-0.9066562198216457,-0.37860175900685483
5.215215215215215,-1.4096093942271384,-0.4848227572782115,0.5220643746590963
5.225225225225225,-1.0164813203865997,0.3890897589467197,-0.04062169792729375
5.235235235235235,-0.13082265033564922,0.6637421396814678,0.2486585562238459
5.245245245245245,0.19893297528554177,-1.3460023440454472,0.5442921364955802
5.255255255255255,-0.05964649460032069,-0.0905502855101377,0.21559736694306228
5.265265265265265,0.034696205968033335,0.7529898278855421,1.7981631511573706
5.275275275275275,-0.7430473544362828,-0.9787234068813594,0.09472269838504419
5.285285285285285,0.8560847442734831,-0.5405876700100668,-0.7858424881177734
5.295295295295295,-1.3654675626520902,1.3330456252084697,0.051752940721308795
5.305305305305305,-0.07116782770532683,-1.314304226354445,0.23891365085444072
5.315315315315315,1.1693481685510596,1.142519549481761,-0.015907622460686822
5.325325325325325,-0.5494414055848034,0.3448741124881728,-0.07334896021789365
5.335335335335335,-1.1465512197285712,0.5132894924009384,0.41128450894677393
5.345345345345345,-1.1960028042104978,-1.2576433279002388,0.5639929053883339
5.355355355355355,0.582868631184824,0.19645071998610103,1.2375642346466795
5.365365365365365,0.4236907684030152,-0.7375504812868261,1.0825747238745091
5.375375375375375,-1.4067309577970075,-0.3104243701972288,-0.20628132818653785
5.385385385385385,-0.05285541536849706,0.11490274966710952,-0.5615279152796706
5.395395395395395,-0.5959150182667067,0.10161783736469898,-1.2422750695711513
5.405405405405405,-0.325193521350539,0.3687824275502175,-0.16605313713735342
5.415415415415415,-0.21858944179153983,0.22167902084902213,-0.46762978616848816
5.425425425425425,-0.4243275333201762,-0.09102611331504928,0.08302215934083652
5.435435435435435,1.0023271503979025,-0.49467279013861837,1.2792036818508157
5.445445445445445,-0.047736476381515014,-1.5735610822668178,-0.43467449768410543
5.455455455455455,-1.1960374039813457,0.6745705978233745,-0.7382148991161903
5.465465465465465,-0.6418211437566187,-1.008870637590415,0.3541545681390767
5.475475475475475,1.099909818315146,-0.09822236880181598,-0.6006444501200112
5.485485485485485,-0.04767888508611571,-0.2504027767088876,-0.3213385338127246
5.495495495495495,-1.373663527929425,-1.7322513279144274,-0.0699076900375688
5.505505505505505,0.2897905941011524,-0.5550021973516034,1.2162486320712131
5.515515515515515,1.5814792594160993,0.034085944710426204,0.1361977775331693
5.525525525525525,0.31907427845688946,1.3058565669432745,0.03504759104204026
5.535535535535535,-0.33857607286141406,-1.224285516449564,-0.3051255108544632
5.545545545545545,-0.7629571317006164,0.2685737705261747,-0.20609172772195403
5.555555555555555,-0.4723847285634103,0.06723392284304436,0.5382360063847775
5.565565565565565,1.0232121681960267,-0.1949898487843274,0.7557427345000102
5.575575575575575,1.267624107946174,-0.1210254483790583,0.29981842232784994
5.585585585585585,0.39146893063781124,0.8213164486550747,-0.46667875334575365
5.595595595595595,0.6332733831176431,-1.2126745705036055,0.7566592783135166
5.605605605605605,-0.9688425571326893,0.6538580868895889,-0.500387080434958
5.615615615615615,0.12255251058216543,-1.0829579364978612,0.8920037529433466
5.625625625625625,-0.2330467848057369,1.47884899940533,0.7232889842897047
5.635635635635635,0.1166617232408401,-0.6977857078117733,1.7684584033507493
5.645645645645645,-0.33740697784884016,-0.9347818133265088,0.02040046583309606
5.655655655655655,0.8683405488557012,-0.09440835244569193,0.8523571765288009
5.665665665665665,-1.2707824712152802,-2.452590590906481,-0.43245607934668934
5.675675675675675,0.17656935913583632,0.5771241828135721,0.702598289128639
5.685685685685685,-0.10887795888842154,-0.29002941213474775,-0.5995791463576249
5.6956956956956954,1.2421206796981314,1.877784526713397,0.1749502980717873
5.7057057057057055,-0.318966643340278,0.5027395974783648,0.274516544020411
5.7157157157157155,0.5519252251197798,-0.3223828143796611,-0.4752612457786052
5.7257257257257255,-1.4445306026877682,-0.2977205453562138,0.4935055332988565
5.7357357357357355,-0.1923623799848695,0.723012679998145,-0.8504356248606216
5.7457457457457455,-1.0900295103698405,-0.38456228601400877,0.23714303704328543
5.7557557557557555,-0.8890317110995841,1.220663448543894,-0.14910233889536276
5.7657657657657655,0.010151299245165984,0.704018158415203,1.2683977727514213
5.7757757757757755,0.17841199272588942,-0.02057340400844879,-0.9272543522438771
5.7857857857857855,-0.23765013838062893,0.4594845634114327,1.1164101326642626
5.7957957957957955,0.6278672297516448,-0.18700453684010343,-0.22598294032015917
5.8058058058058055,-0.8225489596068328,-0.966988800607733,0.24876225987933775
5.8158158158158155,0.49348202745457465,-1.0433759518910357,-0.10934709690476438
5.8258258258258255,-1.1939956676061492,-0.49385960028817405,0.6208464882874613
5.8358358358358355,0.8306898891986941,0.7419868409362972,0.2377324843193041
5.8458458458458455,0.22629125776762082,0.9319203753792322,0.1449640601926275
5.8558558558558556,-0.5986270439540186,0.9883466615405275,-1.4079952190933827
5.865865865865866,0.02637778815656158,-0.6757276516172811,-1.115331953535228
5.875875875875876,-0.25319934714235404,0.8092793609625971,-1.5632460228273437
5.885885885885886,-0.29619525387779816,1.6308310631403047,-0.7594971587001648
5.895895895895896,-0.8728157824078291,-0.05457233849748101,-0.0490971769151027
5.905905905905906,1.238800662483116,-1.1663673513708601,-0.8986354467624661
5.915915915915916,0.926453864346589,-0.4471365796608949,-1.2418395612739392
5.925925925925926,-0.8964690402311656,-0.48076070572234075,-0.1286830669427014
5.935935935935936,-0.26366296352272484,0.5166893076874961,0.058152028684263855
5.945945945945946,0.07713184060188723,-0.4527702345661921,-0.11567185651110781
5.955955955955956,-1.417721932529024,-0.32000403948305006,1.0972616983744607
5.965965965965966,-1.4182289773467376,-0.65350578796208,0.5365052020505129
5.975975975975976,-0.6404369821494511,-0.29161280851221527,-0.017222440021740334
5.985985985985986,0.7870436209811263,-1.2406786332939084,-0.5914657786740624
5.995995995995996,0.7293092412088482,-0.13479815889102503,-0.4888432899988119
6.006006006006006,-0.9797844746274403,0.6658253535527042,-0.4845243233509924
6.016016016016016,0.09065222966583533,0.006891546968773668,0.908324406774712
6.026026026026026,0.6532293032301484,-1.0612757173590968,0.030755192759693697
6.036036036036036,-0.3001760364142712,-0.876938679883327,-0.09362939767227609
6.046046046046046,-0.5026686931136338,0.2110799518186273,0.934626783081811
6.056056056056056,-0.8120108722090905,1.2812220417248856,1.0076869766460756
6.066066066066066,-0.5373999000359999,0.03886767203938218,-0.5660334256916058
6.076076076076076,-1.163050136025054,0.0368692942126605,0.8051783019489648
6.086086086086086,1.5096634611457223,0.913763224758851,0.6975688796649525
6.096096096096096,-0.5111230532908465,-0.9377768038531525,-1.2162665076764099
6.106106106106106,0.16780780773891035,-0.04611760599478395,-0.026519290356404716
6.116116116116116,0.9494365139676059,-1.286333148299165,0.031293935118291843
6.126126126126126,0.2509061644291043,-0.32078167457082535,-0.7208005766081327
6.136136136136136,0.04754639683321079,1.201894207805596,1.4233851569590907
6.146146146146146,1.3126953675947566,0.11393412856260529,-0.46951444612804766
6.156156156156156,-1.0808880240268923,0.5837421010984929,-0.41426349238534604
6.166166166166166,0.23298500859370197,-0.4969585464405045,-0.3304799877653074
6.176176176176176,1.689454356402086,-0.3370466053853737,-0.22146308366017045
6.186186186186186,-0.9746161018247245,0.3219295728566879,-0.2284236328495558
6.196196196196196,0.26702592700165056,1.1533978184422409,-1.5629997139561358
6.206206206206206,-0.2034596084285415,0.011340979271863541,-0.026099472478885177
6.216216216216216,-1.078523004796937,0.16576752009834564,0.9674972258676494
6.226226226226226,-0.07446888903502921,0.33647648258035867,-0.8230152230040158
6.236236236236236,-0.025872056843550074,-1.7245668684433402,-0.16854943081003704
6.246246246246246,-0.910221417348409,0.19573307621088204,0.49493829484390195
6.256256256256256,-0.7901837498467897,-0.8434464832228741,-0.6062751531539796
6.266266266266266,0.49158009307535816,1.2403552170364085,-1.0332766432536309
6.276276276276276,0.40064443716329184,-0.01727540217499891,-0.1657779372324929
6.286286286286286,0.0971137379054297,0.2873420785492097,-0.7896573312182714
6.296296296296296,-0.27749644295318676,-1.0165637162391812,1.5366465660683821
6.306306306306306,-0.2964433709778229,0.3223050067287381,-1.3814330133008974
6.316316316316316,-0.30490083814844166,-0.06922506598588685,0.9035778957970109
6.326326326326326,-0.09165882210850157,-1.4379916466280318,-0.9287901677951388
6.336336336336336,-0.8818327519915174,0.3314953032237217,0.47497517413634005
6.346346346346346,-0.9946493760803786,0.02229288444146948,-1.3063556214856396
6.356356356356356,0.8564429325685128,-0.7228239654379148,1.040240549650514
6.366366366366366,-0.2739807233261822,0.34253412311303943,0.6564737340033656
6.376376376376376,-0.9487667356627714,0.6542717135399845,0.8951786859978162
6.386386386386386,-0.3286049464690356,-0.9738667057118443,0.36110282118290576
6.396396396396396,-1.100942725116776,-0.22113052198781347,0.3237346066080934
6.406406406406406,0.2038354706631187,0.24150203444798637,-0.40030573565286265
6.416416416416417,0.1137569267973868,1.039567452435664,-0.5810450048793055
6.426426426426427,0.16484545446290297,-1.2113012761923947,1.0422453878668752
6.436436436436437,1.6360263241096344,-0.7155672449650113,-0.8749490329794523
6.446446446446447,-0.8649327649200366,1.0584186101367057,-0.18186610109491866
6.456456456456457,-0.34998424789129584,1.1546870306258201,-0.5766607145852568
6.466466466466467,-0.19748400164136024,-0.07304045685051189,0.8124158943370116
6.476476476476477,-0.42335060803943714,-0.9889247465175042,-0.505300658609733
6.486486486486487,0.7815597592375251,-1.4406191767190841,-1.0356673484165169
6.496496496496497,-1.5262419665096028,0.19876207544694235,0.17607251494655207
6.506506506506507,-0.3202598973518705,0.10772029069988887,1.2616226174749032
6.516516516516517,-0.46591630736845063,-0.46950530549636654,-1.0421508365267371
6.526526526526527,-1.0657955815128746,0.23248826168082035,0.2001818091257168
6.536536536536537,-0.04400439889482957,0.7876274610441052,0.2366065936321558
6.546546546546547,1.3349351445039128,-0.017192839320041637,-0.17509831863512515
6.556556556556557,-0.5660493422762447,-1.4245829771757739,0.9833816483117264
6.566566566566567,-1.3526502211888425,0.941623521824359,-0.6341715487010114
6.576576576576577,-1.1861626784689343,1.0271956331558212,0.6757833118187974
6.586586586586587,0.5788917434447045,-0.6769920896924561,0.056635457273089926
6.596596596596597,-0.608254428994616,-0.6348507347268396,0.4277830455253302
6.606606606606607,0.9484317547002646,-0.763576573478057,-0.8819057240653436
6.616616616616617,0.8684325527631415,-0.6887607273490044,-0.1565820179489341
6.626626626626627,0.29825310418897616,-0.6238345848885128,0.39431840609349017
6.636636636636637,-0.5468856815945086,0.035611066302409226,0.6634347931704923
6.646646646646647,1.3357190695804835,0.980017160232883,-0.3248794465540325
6.656656656656657,-1.4766721732179302,0.39256624914319416,1.3032782408377919
6.666666666666667,-0.6224664067092649,0.04579312330391655,-0.5239142053679016
6.676676676676677,0.2565580650676668,-0.08135530455947244,-0.778853650120776
6.686686686686687,0.6185574297546208,1.5757972496213104,-1.3688261550836658
6.696696696696697,-1.119202107704182,0.6885240843236956,0.32163634083778897
6.706706706706707,-1.5347441971267088,0.2291517062125022,1.3597455306307593
6.716716716716717,-0.7130328101334521,-0.563170850370859,-0.811211322184812
6.726726726726727,1.1731135619174404,-0.21770205118716793,-0.6754102821652929
6.736736736736737,1.814152506987468,0.9324079729936077,1.040443290213656
6.746746746746747,-0.9413418425165354,-0.6818767777167993,-1.0374924805473016
6.756756756756757,0.020976535147214648,1.3344236677736432,-1.4328337700066838
6.766766766766767,0.613998596060113,1.0428232729611135,1.020481490312606
6.776776776776777,-0.8042033767511318,-1.1105433452893139,-0.02125482049357906
6.786786786786787,0.6995147034232462,-1.2567118628315601,0.23317699713792442
6.796796796796797,0.6437972612048015,0.02972050364909329,0.18235861867346725
6.806806806806807,0.5130501559465954,1.3263127429421733,0.16583525461976464
6.816816816816817,-0.3864885977259989,0.08638452428876442,1.6183889957753022
6.826826826826827,-0.45821624552989504,-1.0327354644534656,-0.361735527706979
6.836836836836837,0.14843188748585603,-0.020168758279585145,-0.659718279510035
6.846846846846847,0.09078065185980082,-0.7771979210665785,-0.9688062136893594
6.856856856856857,-0.16751323488454667,0.6081660538597778,-0.8177221192896565
6.866866866866867,-0.08349953075147287,1.0545929373135183,-0.09505776193556201
6.876876876876877,0.553865562423391,1.3569661419501906,0.8630258385864574
6.886886886886887,-0.9660598386299122,0.8415194724278554,0.7033166647362559
6.896896896896897,0.41707656906262647,0.37091280774871044,0.625743864018069
6.906906906906907,-1.3686497260807469,0.2791197506240587,-1.4105677950218112
6.916916916916917,0.7280472382541342,0.8851591391142599,-1.6624484961157664
6.926926926926927,-0.1515401193929677,0.6875783899639779,-0.018701411776364057
6.936936936936937,-0.6883425096337829,-1.282798280065005,0.11712326227746725
6.946946946946947,0.8331407234556854,0.17871050268742295,0.4220967535299848
6.956956956956957,-1.5518463487018714,0.2182308366505286,0.024375218633117975
6.966966966966967,0.8832751009627711,-1.5722316876697122,0.21889302773149866
6.976976976976977,1.530905221702983,-0.016032704917819957,-0.22452013465092663
6.986986986986987,-1.8208825941256854,-0.38768414931437367,0.628313342863716
6.996996996996997,0.8016916592972761,0.4526157144609909,-0.8742905989274296
7.007007007007007,0.9839267077955833,0.8285776921732911,-0.21300085396127266
7.017017017017017,0.5576501276529678,-0.669436547559364,-0.2513307996785162
7.027027027027027,0.11791476655351715,1.1614275967148084,0.14655154457078448
7.037037037037037,1.6942989475001673,-0.034452369382531864,-0.5706974492440676
7.047047047047047,0.3856134200405712,-0.8422956972427565,-0.1735006684525538
7.057057057057057,-0.6004815173568155,-1.0452500740819968,0.5478118406177778
7.067067067067067,-0.7788102040006314,-0.4356289808896047,-0.1036481920813214
7.077077077077077,-0.792926679468559,0.8855381484290943,-0.06509336655786639
7.087087087087087,-0.7620403887146092,-0.006635137824772638,0.37304624819785603
7.097097097097097,-0.507709525913737,-0.020948966094558562,0.7405181826886279
7.107107107107107,-1.2587680632934992,0.34122440684591937,1.7527357253139204
7.117117117117117,0.050043461567768885,0.6208213830763463,-0.138418513517072
7.127127127127127,-0.11124219251026088,-0.5090247255840837,1.3058650351992658
7.137137137137137,-0.3544250180200801,1.3519398124880122,0.4611415679271566
7.147147147147147,-0.6452865596524436,0.16759288172984974,-1.3216290332995893
7.157157157157157,-0.3094044150933853,0.7227902960401508,0.7969210888985857
7.167167167167167,-0.2596530565456531,0.5065079044897564,0.04816935041696883
7.177177177177177,0.2209319753859259,-0.9927577527964367,0.6818217710948579
7.187187187187187,-0.7204963410083611,0.0005842354803918121,-0.4146274872840649
7.197197197197197,-0.1464179566852809,0.038875916892118174,0.6612694493685917
7.207207207207207,0.49054333779854653,-1.0081616935661901,0.3926102493368852
7.217217217217217,-0.18523740314958956,0.5836179857429122,1.3030920428877224
7.227227227227227,-1.3029212653000872,-0.2763213854871083,0.25193849653149625
7.237237237237237,-0.5123819534346877,-0.5048606273612163,-0.8657943051896579
7.247247247247247,-0.1998748109899089,0.12663498948053326,-1.2390118015147424
7.257257257257257,0.16664222492092198,-0.8354321595211361,1.5666084408468604
7.267267267267267,0.9992384855677379,0.28195587398072386,-0.24408059503079205
7.277277277277277,0.08501530535777531,0.8190068291321997,1.138795292127054
7.287287287287287,0.23801626842391338,-0.004630591140810297,-0.6877031900692367
7.297297297297297,-0.46483875657702717,0.5630520518938079,0.7200002244908221
7.307307307307307,0.8568273671043299,0.025685348477848,-0.383109760339532
7.317317317317317,-1.3932593913908176,-0.9416293771813826,-0.10671114500244844
7.327327327327327,0.3424636548433624,-0.4716089075064602,0.42712179767043046
7.337337337337337,0.12663062987038304,-0.26978963646032234,0.986281627886785
7.347347347347347,-0.4475836934900245,0.06706532750628388,-0.9109188480187348
7.357357357357357,-0.38928836720456,0.5454385754845605,1.181549552974747
7.367367367367367,-0.8467532102857556,0.40514052554838564,-0.2880993093019059
7.377377377377377,-0.5194046115667568,-1.3157818103609082,-1.438939379415334
7.387387387387387,0.4463572214250418,-0.6469960374346166,-1.6366205795260222
7.397397397397397,-1.3667243343210909,0.7537979239615006,0.6306394700224569
7.407407407407407,0.10918300512317272,-0.4616973902187925,-1.4132152850295348
7.4174174174174174,0.9127416968253609,-0.6620147194341212,-0.5578896354953937
7.4274274274274275,-0.35033402831422744,1.1595936275647305,0.06198982496517075
7.4374374374374375,-0.7048399725306922,0.9960506035726661,0.24351999768693489
7.4474474474474475,0.35387758314146955,0.9051275418757291,0.6150923635359619
7.4574574574574575,0.03892958744609087,-0.3199921407761188,0.21540504232467658
7.4674674674674675,0.05438347012896708,0.36406368344731865,0.3766584675471506
7.4774774774774775,-1.1368675483780528,-0.2162429357526922,-0.056700500713206106
7.4874874874874875,0.30784131483780725,-0.9275126069151836,0.003665478885715121
7.4974974974974975,0.8634877973866423,0.5043869955528647,0.9852588279521234
7.5075075075075075,1.7705677105477304,1.241193201816034,-0.8503403235014523
7.5175175175175175,1.0814927100819607,0.310293842619779,0.03975565315484907
7.5275275275275275,-0.673724501131803,-0.21674945391794936,-0.5247419745040403
7.5375375375375375,0.8415659899274992,-1.209193481746776,-0.28438090293312
7.5475475475475475,0.527527311897692,0.40409907264143224,-0.1304559835897037
7.5575575575575575,0.9166570711807208,1.0403636560674876,-0.8894456461940611
7.5675675675675675,-0.18976140095730804,1.4024269681952666,-0.5310182819399761
7.5775775775775776,0.5762982151427157,1.2176259653542911,-0.41247321362921796
7.587587587587588,-0.5946311025034702,0.5563458812635586,-0.3673925789636119
7.597597597597598,0.29881826103798403,-0.21995457484043102,1.296800494466101
7.607607607607608,0.3901999575502322,0.4240765237021191,-0.4995059417560467
7.617617617617618,0.2807194012303485,-0.3056594155446288,1.542369481279461
7.627627627627628,-1.0438752537559959,0.1385580323213148,0.19845573347939208
7.637637637637638,0.005828547617049359,1.4495579776439593,-0.4341010430851316
7.647647647647648,-0.0867498139572778,-0.46091052472536054,0.9412586524514209
7.657657657657658,-0.694690882840677,0.21101485756680946,0.24384079501514655
7.667667667667668,-1.3175389729147415,-0.6882327012852665,-0.01940482811604096
7.677677677677678,-0.8753177596862726,-0.17078228617488048,-1.1157249934405267
7.687687687687688,-1.1808404219868869,1.1200632153200207,0.5278327829995598
7.697697697697698,0.5432338199481883,-0.11701985060404665,-0.8777203914852802
7.707707707707708,-0.92521053834677,-0.08460278447558148,-0.11730239061889898
7.717717717717718,-0.2504509221056344,-0.4805557781018923,0.4206306812274858
7.727727727727728,-0.8708686131126517,0.1570133211277863,-0.02168245837238495
7.737737737737738,1.2314998212239692,-0.6701621496686951,0.14020717421910883
7.747747747747748,0.2936392032696005,-0.6720475555067396,0.0
7.757757757757758,0.10152251991469846,0.30349052495767764,-0.4312039714139064
7.767767767767768,0.8203018319809656,-0.12402779072732123,-0.3601443582945184
7.777777777777778,0.6235042489733715,-0.9032267035921225,-1.0021471810719285
7.787787787787788,-0.22344781884069165,0.5886837735319623,-0.00029100023853030014
7.797797797797798,1.4702485276072292,-0.09172357555766539,0.9385727090976779
7.807807807807808,-0.3415325269357231,1.2984011470799717,0.5846301527800307
7.817817817817818,0.38646288877190005,0.09978232765879437,-0.44159008158090496
7.827827827827828,0.038044294343051406,-0.4339998024206761,0.5601060466922235
7.837837837837838,-0.08679821443172736,-0.3190570231521199,-1.4256296380702762
7.847847847847848,-0.4133963309109472,0.4993897436252959,-0.5499344969617901
7.857857857857858,0.4093397954672749,0.4361359850250511,-0.6710940952170988
7.867867867867868,-0.34283368842124373,1.376246774466164,0.4618449339708874
7.877877877877878,-0.689526348259529,-0.6444587255491787,-0.4925637805029314
7.887887887887888,1.2624024299622736,-1.4504029308248085,1.2060989309656738
7.897897897897898,-0.6273119538326541,0.08461425419987906,-0.3318092308870851
7.907907907907908,0.6010353903982142,1.054330563633119,-1.0083331783675138
7.917917917917918,-0.7079214752969827,0.014339154334464716,-0.007353803416465354
7.927927927927928,-1.223479961952811,0.5203061430385368,1.3097717408582068
7.937937937937938,-0.9292108096337012,0.006724889011272984,-0.04717164684948476
7.947947947947948,0.7635056307088525,1.7524417167706583,0.6624071002703277
7.957957957957958,-1.1879325430941214,0.4747497959860061,-0.29349515593242
7.967967967967968,0.4062421365625824,0.7183694104205123,-1.1414699301094038
7.977977977977978,1.418459628078796,-0.6842735325305389,-0.02506207128049276
7.987987987987988,-0.9022477270215817,-0.6430413480759173,0.8112030777577804
7.997997997997998,1.4965747904340394,0.9417538662332581,0.34020033387825893
8.008008008008009,-0.28606417005070967,0.7667921955021283,0.08658180875248203
8.018018018018019,0.1195330963018458,1.2364428541541557,1.185724455914976
8.028028028028029,-1.003273344375631,-0.5251310943387071,0.8094257152901085
8.038038038038039,0.4899960275077617,-0.042570572058678105,1.5407416683256752
8.048048048048049,-0.9883693127856524,0.18547332212527237,-0.205057193421697
8.058058058058059,-0.9816638592834038,0.332519675022783,0.976387827622994
8.068068068068069,0.553417324982037,-0.03531478047083007,-0.7427633005078065
8.078078078078079,0.22345921908542687,0.5226838170928242,0.15355303108447507
8.088088088088089,1.2602507032874513,-0.466036268839586,-0.14673585177597537
8.098098098098099,0.45284691399350885,-0.6152730013337941,0.061188740636195775
8.108108108108109,-0.8173766958056413,0.09716011424747006,-0.23657882374069514
8.118118118118119,-1.1967851405160272,-0.5253776480164364,-0.9598047506312306
8.128128128128129,-0.6586035136372993,1.0948802517072929,-0.07201220302293572
8.138138138138139,-0.8063604695914629,-0.9132652095064618,-0.1820961022435012
8.148148148148149,0.1499478689996294,-0.590282289908181,0.02361179389130051
8.158158158158159,-1.120922205457426,0.9108239678089619,-0.6975536918346869
8.168168168168169,0.4045215693462939,-0.532989636889297,0.1653921132967398
8.178178178178179,-1.1175911096539435,0.6126968402679622,-0.9242292099227915
8.188188188188189,0.4822858882422896,0.9881155800570091,0.16373975034090935
8.198198198198199,0.09122867619284201,-0.2975555662294301,0.14612612039605224
8.208208208208209,-0.835853494282617,0.27970913518779766,-1.2458981450169173
8.218218218218219,-1.0475271112417475,0.022401061652002667,0.32327031355894653
8.228228228228229,-1.02997579426122,-0.1124094852741298,0.0681907579867467
8.238238238238239,0.9327670211243307,-0.4544862830640004,-0.7571323678556269
8.248248248248249,0.8113559525799374,-0.34644706098986167,-0.3157455202031909
8.258258258258259,0.1899944540372694,0.10234188407652771,1.2115935801765134
8.268268268268269,-0.1881736278716521,-0.05193712786771236,0.029732923543567685
8.278278278278279,-0.2515996721070558,0.47500052658538633,0.5836610218717956
8.288288288288289,-0.260821631194688,0.2691106848034441,-0.1683292397874655
8.298298298298299,1.4948152227779505,-0.9851333205376402,0.09204807207268197
8.308308308308309,-0.9282081057584995,0.771760559468693,0.2528616690053774
8.318318318318319,-0.8878021664732785,0.6202055084447743,-0.529707538345435
8.328328328328329,-1.2709244303082619,0.3189266387108336,0.02397231361027649
8.338338338338339,0.05522506670619898,0.07748667516631318,-0.5463093771204832
8.348348348348349,0.4200484055280337,0.21073067158248932,1.6082190120615474
8.358358358358359,1.2705365482109818,1.4745902869586571,-0.4434652629897645
8.368368368368369,0.012691890734134301,0.8713962623844916,-1.713285451701619
8.378378378378379,-0.8815169303391498,0.08887314777669608,0.7742707331029561
8.388388388388389,-0.4729334459293351,0.5917785637052282,-0.3967934948154037
8.398398398398399,-0.4926123721550974,-0.07794192546139182,0.5204435819884812
8.408408408408409,1.078102956756071,0.6541227174174958,0.540558434665932
8.418418418418419,-0.8724901583186645,-0.7804520826868125,0.5941417551515447
8.428428428428429,0.2318996202251541,0.38167143217496896,0.678525500468733
8.438438438438439,0.4345664141411376,-0.3094420510257658,0.48402214937816046
8.448448448448449,-0.3578384202287273,0.6180798713376457,-1.1725272171841996
8.458458458458459,0.29742723122471665,-0.9490879272364302,-0.2943902800900197
8.468468468468469,-0.9411621635819251,1.073211678140913,1.0047269858472243
8.478478478478479,0.08810119877502176,-0.7137465500351048,0.5554008728042186
8.488488488488489,0.23550850215025035,1.1214044072542635,-0.1924066100010215
8.498498498498499,0.38973280878267996,0.5663268238580719,0.262659186909311
8.508508508508509,1.1368390585054822,-0.22037598830183183,-0.21230807913122288
8.518518518518519,-0.24032359889009625,-0.5724999460054696,-0.27609057351566146
8.528528528528529,-0.4730510235571665,-1.1249371671671171,-1.5015228902739417
8.538538538538539,-1.3099698697970266,-0.5559307698872725,0.1806660486163292
8.548548548548549,0.06016424221266439,-0.5291324892719754,-1.1243204560115185
8.558558558558559,-1.2240171749987887,0.23126266328010492,-0.36851171035097646
8.568568568568569,0.478020728481148,-0.06980216417253018,-1.634266722473249
8.578578578578579,-1.121979552447179,-1.6373408983085775,-1.3423674717408527
8.588588588588589,-0.7431448197498347,0.6664962968785464,1.8655222169023862
8.598598598598599,-0.4657912501431994,0.6902757376204616,-0.6452380119060088
8.608608608608609,0.35363181244618885,0.7529688830751514,-0.05231986830866959
8.618618618618619,0.4560274766656899,-0.369460962238756,1.1704110903434748
8.62862862862863,1.269898622904206,-0.20007170460095117,-0.2881754849369424
8.63863863863864,-0.5928293298331561,-0.2415181254801878,-0.8513912882607049
8.64864864864865,1.0297197939805633,-0.656690514907996,-0.9947662686366114
8.65865865865866,-0.7041429831112327,-0.5203764345373696,-1.0446659398705134
8.66866866866867,1.0208718797199852,-1.189520064237208,0.6111321397987657
8.67867867867868,0.006373386285902595,0.819405411689081,-0.5599838795307673
8.68868868868869,0.78798370077294,0.1516260084505001,0.463361300848532
8.6986986986987,-1.3780103297776345,-0.7287785542118037,0.8304884497384727
8.70870870870871,1.18668812195365,-0.07997626154774547,0.731982217091393
8.71871871871872,-1.837031487403493,-1.164236788480099,1.7127684287488805
8.72872872872873,-0.3531343661629589,-0.27238898858197674,-0.16872737231986384
8.73873873873874,0.566564342395261,-0.7761070992902351,0.3873667177119397
8.74874874874875,0.4462574607969621,0.018486278888426518,0.9779258888284729
8.75875875875876,1.1902670989839772,0.07856740552674306,-0.673914979565415
8.76876876876877,-0.2275268484969533,-0.0016901541230699146,0.4960171959890107
8.77877877877878,-0.35696923921805257,-0.037746319254870944,0.7132002654322717
8.78878878878879,0.5749011178779666,1.3462870570625871,0.029426247369261
8.7987987987988,-0.24620456175970065,0.5723777487917028,-1.3569236385897065
8.80880880880881,0.6775295622113777,-0.788481286166723,0.49103821303881284
8.81881881881882,-1.2617176944402773,1.3555966332945542,-0.593066368300241
8.82882882882883,0.34907971935424903,-0.7867068262845937,0.08215090259800326
8.83883883883884,-0.9135755065401878,-1.0039025473480991,0.0071923890610614966
8.84884884884885,1.1977122722560405,0.10930446959608238,-0.38404697521973774
8.85885885885886,1.5155285078811631,-0.25831763894354376,0.0448915500720587
8.86886886886887,1.5966280676015014,-0.7596656803734028,0.6103222382521996
8.87887887887888,0.5736284615473387,1.1254730356366187,-0.5995607105833232
8.88888888888889,-1.1867012949627627,-0.1315241773349874,0.5290271430874239
8.8988988988989,0.4069006364815566,0.7916072079221323,-0.8052373371847167
8.90890890890891,-0.8752695435808453,0.8140518711639058,-1.81342601428957
8.91891891891892,0.8212863887204587,0.8480013622611089,-0.9243448413436841
8.92892892892893,0.06197237231817561,-0.6369202073850393,1.205857700397855
8.93893893893894,-0.9196022403513178,-0.7197020383213866,1.1345530602930183
8.94894894894895,-0.38024401522926554,-1.5007018865922066,1.0501698001430784
8.95895895895896,0.4178886292157143,-0.7478734543537324,-0.6738871096771731
8.96896896896897,0.5142693992057894,-0.20278368772288913,-0.48915320911275
8.97897897897898,-1.1006145173989936,-1.5397456415016244,-1.7581827285880702
8.98898898898899,-0.6173753425712925,0.352139498202934,0.3216653541191394
8.998998998999,1.1742511887917386,0.06406738518790565,-0.5143168327582941
9.00900900900901,0.16236418430207838,-0.04184061847553498,-0.664334374303043
9.01901901901902,1.3568893756982543,1.1415674096226858,0.049417472514961716
9.02902902902903,-0.8522456593974405,0.5576383960543035,0.7857945851229892
9.03903903903904,0.30125620776603695,-0.4472919611583884,-1.4328778002952214
9.04904904904905,0.7399923582825345,-1.0272582722703578,0.24180550849725052
9.05905905905906,-0.058170028565540245,0.04099795627452668,-0.2956522956159288
9.06906906906907,-0.5858611866761345,-0.3375646767044327,0.18309319682003808
9.07907907907908,-0.05451849038564345,0.5125610332957151,0.245192172859562
9.08908908908909,-0.0022132816254083476,0.024460230603287947,-0.2520505216909561
9.0990990990991,-1.0152933843160572,-0.6699151134330209,-1.2826838817974524
9.10910910910911,-0.37682446914346424,-0.34220865799859906,-1.5785504747752008
9.11911911911912,0.9419818523123549,-0.47286923348533705,-0.9891158303408035
9.12912912912913,-1.9837068587983624,0.33144229666539665,0.4061047271349973
9.13913913913914,-0.6774644854661944,-0.9357539928382356,0.19493221184625603
9.14914914914915,-0.08111928282818515,-0.45225297572347406,-0.9062255335566666
9.15915915915916,-1.1201022203386803,-0.8059371602180805,1.2857456807009064
9.16916916916917,-0.6452271507394292,-0.4639593163846296,-0.4644881702270199
9.17917917917918,0.27274149000257897,-0.750438560795656,0.016211277028220047
9.18918918918919,-0.33542691422210513,-0.12187226083977656,-0.07058850109775408
9.1991991991992,-1.3727636546904634,-0.4258794285154012,-1.0015164535840164
9.20920920920921,1.5559951569843706,-0.7825269417239112,-1.224274486723664
9.21921921921922,-0.646267070366103,0.14062829806933583,0.17281005498904511
9.22922922922923,-0.22730764259458613,-0.1202489639948387,-1.209779920144594
9.23923923923924,1.5211758224372511,0.28693726725247776,0.1347077490845343
9.24924924924925,-0.43858040906015744,0.5526404079558254,0.03950274305033978
9.25925925925926,-0.6667374625733534,0.7696603637788331,0.2878860149266125
9.26926926926927,0.7142472810564826,-0.2688460002022768,-0.3914149315666874
9.27927927927928,0.495355831554801,-0.05613502929876876,1.2966735934888423
9.28928928928929,1.598570603753402,-0.2076465358308262,0.696061854526229
9.2992992992993,0.27123570102682354,0.0,-0.1946235143925396
9.30930930930931,-2.4788663599098157,0.22209233333818323,-1.45450573368271
9.31931931931932,2.2923084528821605,0.012396732601843236,1.323880372191708
9.32932932932933,0.21876223121792923,-0.6773758934070502,0.35686300903201185
9.33933933933934,0.5361899563359493,-0.984980168442003,-0.6683901876567224
9.34934934934935,-1.2928088736610135,0.5654281084689992,1.0568904913700852
9.35935935935936,-0.24716323063307205,-0.20076458104158112,-0.059595687193992296
9.36936936936937,1.0507269170681675,1.6145179605516549,-0.34137776187109875
9.37937937937938,0.051050444441514374,-0.6103022677137011,1.3178925916046116
9.38938938938939,0.8859087611130518,-0.019692675391494923,0.5461519625433815
9.3993993993994,-0.41052409991529165,-1.0250680243651247,0.17251364853369472
9.40940940940941,-0.7236371061617449,-0.9617135559962482,0.5792369268023102
9.41941941941942,1.3696338610066245,-0.8550177433926825,0.7480306047117932
9.42942942942943,-1.5223358326082261,0.7112722931609136,0.2588803217672238
9.43943943943944,1.6621201235906733,0.6254971684898927,-0.7352544506859251
9.44944944944945,-0.6213211302048331,-0.7768954909939314,-0.5636027567105188
9.45945945945946,-0.6910447906844628,-0.8661878143307791,-0.784409332497443
9.46946946946947,-1.5314120923136625,-0.15041794946131629,0.049586477986037276
9.47947947947948,-0.06019647109400428,0.24083672305211107,-0.8924975115740339
9.48948948948949,0.26426491569542426,-0.1622230792601624,0.29952043080702895
9.4994994994995,0.17550866775268947,0.02507717231715787,-1.8697343892668468
9.50950950950951,1.2890970014746947,0.24206384674916126,1.240733396873259
9.51951951951952,0.32644062410148345,1.2786747995803376,0.09747261454424815
9.52952952952953,0.04194096749263137,-0.6638618485891061,0.2019381113383856
9.53953953953954,0.30384919066693755,1.6892704885378698,-0.04732515260067183
9.54954954954955,-0.3260142501236267,-0.6269529332530854,-0.10302471318732684
9.55955955955956,0.16569515069349397,1.23503634293417,0.26695152647470616
9.56956956956957,0.37785820160023315,1.6187671649322417,0.8809586873061839
9.57957957957958,0.17168082932170334,0.16498075739077533,-0.17847799757417385
9.58958958958959,-1.263121211461667,-0.45042369734151333,1.4241811191519742
9.5995995995996,0.589303078024034,-1.5527816069532716,-0.9053468977692354
9.60960960960961,0.1034148558608166,0.8919464856735833,-0.6500471383171389
9.61961961961962,-0.13312929249255698,0.6635987437520585,-1.473972859564737
9.62962962962963,0.3590648190626014,-0.09062944164114496,0.04936717025856395
9.63963963963964,0.6205197342806174,-0.8604256375526511,-0.43211205442000955
9.64964964964965,-0.24592720637777674,-0.2486037832687589,-0.36104127606399533
9.65965965965966,1.1497988291099726,0.26674568980307783,-0.18209770178531529
9.66966966966967,0.999164779663182,-0.24592160224898557,-0.9020198569278556
9.67967967967968,0.6268018340951815,-0.41566011031264644,-0.5813076237566068
9.68968968968969,-0.7450282017851545,0.13967977161064113,-0.8752927021432472
9.6996996996997,-0.22298716750152317,-0.6310822529712025,2.0719376743539297
9.70970970970971,0.757246982361155,0.26754032392281885,-0.5143536666356762
9.71971971971972,0.21008169052414613,0.010339289085043096,0.4156238140348424
9.72972972972973,-0.08426858880613357,0.5885108155150263,-0.8343239513561027
9.73973973973974,1.4550894492032775,-0.4221290936633492,0.6108657798942339
9.74974974974975,0.25363467710801757,-0.09995287114232577,-0.39762429723206033
9.75975975975976,1.713210336960964,-0.7763774276589642,-0.7117590607951114
9.76976976976977,-0.40347978616372426,-0.4110586901671088,-0.05102764287592564
9.77977977977978,0.26340274727031127,0.9982748577334634,0.16469963271346608
9.78978978978979,0.6250071388139845,-1.4527728146628278,0.6806106962204077
9.7997997997998,-0.11800034895340429,1.0383761692698315,0.6894411683084565
9.80980980980981,0.7659445942372801,-0.8822894928292384,-0.07881851996515087
9.81981981981982,0.8721038251883376,-0.5312974998240926,0.3297456959620666
9.82982982982983,1.6725305470881935,0.4864402183079648,0.25688862405343127
9.83983983983984,-0.47155101778411773,0.39027221270245355,-0.13603760505795348
9.84984984984985,-0.9081123509827921,0.21238854334161558,0.247597539182799
9.85985985985986,0.5995602672885929,0.7445396279922022,-0.3212728929221226
9.86986986986987,-0.175378427605601,0.05068183130817058,0.8066245114729046
9.87987987987988,1.5013889831487586,1.0898665991709129,-0.291016057247194
9.88988988988989,-0.6047295018895201,-0.8906038157751655,0.33981936819805525
9.8998998998999,0.3601588785680859,-1.0142697276351198,0.10187975052895229
9.90990990990991,-0.5605867701692334,1.0937728217941156,0.9772372565369741
9.91991991991992,0.7435752773364587,0.004303670253926282,-0.5806862565971856
9.92992992992993,-0.7686532472057834,0.032057871466233664,0.34606141973629667
9.93993993993994,-0.26120192369619755,0.39388881036906004,-1.2482202004032015
9.94994994994995,-0.11616618591235073,0.6527004593734268,-0.7353711597080808
9.95995995995996,0.23267442725228696,-0.09908830024863856,-0.168621844600225
9.96996996996997,0.6229621484756351,1.0450623327370656,-1.7459216662860555
9.97997997997998,-1.100078474554403,0.09441713501449915,-0.6036985579721129
9.98998998998999,0.5634720008626484,0.19599760465816946,0.8126191053030499
10.0,-1.0458767001335771,-0.21145934720047388,0.4127131857144069
